{
	"fan_stable_end": 240.126953125,
	"fan_to_pierce_end": 380.035827636719,
	"ring_stable_end": 99.3312683105469,
	"ring_to_fan_end": 100.331268310547
}