{
	"fan_stable_end": 233.99462890625,
	"fan_to_pierce_end": 400.113616943359,
	"ring_stable_end": 85.0,
	"ring_to_fan_end": 138.148620605469
}