{
	"fan_stable_end": 295.317321777344,
	"fan_to_pierce_end": 398.0,
	"ring_stable_end": 85.0,
	"ring_to_fan_end": 160.343460083008
}