{
	"fan_stable_end": 135.681228637695,
	"fan_to_pierce_end": 573.048889160156,
	"ring_stable_end": 85.0,
	"ring_to_fan_end": 86.0
}